"nome","resumo","coordenador"
"PSICOLOGIA DO TRABALHO E ORGANIZACIONAL - ÊNFASE NOS PROCESSOS ORGANIZACIONAIS : ORIENTAÇÃO AO FUNCIONAMENTO DA EMPRESA JUNIOR DO INSTITUTO DE PSICOLOGIA","O projeto de psicologia do trabalho e organizacional com ênfase nos processos organizacionais compõe o programa: latis- laboratório trabalho inclusão social e sustentabilidade – movimento dos grupos sociais tendo como proposta sistematizar a orientação ao funcionamento da empresa junior do instituto de psicologia possibilitando maior aprendizagem e capacitação no campo das organizações identificando as possibilidades de atuação do psicólogo dentro das organizações sociais e garantindo o desenvolvimento contínuo da ejr de psicologia. O projeto visa promover através de suas atividades o desenvolvimento técnico e acadêmico dos estudantes do ip o desenvolvimento econômico e social da comunidade o espírito empreendedor dos integrantes da interação jr o contato dos estudantes com o mercado de trabalho e sociedade possibilitando o desenvolvimento pessoal e profissional de todos os envolvidos no processo de aprendizagem e capacitação no campo da psicologia do trabalho e organizacional neste sentido as ações realizadas devem propiciar condições mínimas para o estabelecimento funcionamento e acompanhamento da ejr no ip a partir de coordenação especializada com experiência e formação na área orientando e capacitando o grupo no campo dos processos organizacionais. E ainda proporcionar através do desenvolvimento de ações adequadas ao funcionamento administrativo e técnico da ejr a integração entre os estudantes direção do ip demais professores que venham a compor o projeto e outras instituições garantindo a “sustentabilidade” da interação jr empresa junior de psicologia.","Heloisa Helena Ferraz Ayres"
"INCUBADORA E EMPRESAS SUL FLUMINENSE-DISSEMINAÇÃO DE CULTURA EMPREENDEDORA","As relações de trabalho assim como o mercado global estão sofrendo mudanças em ritmo exponencial impulsionadas não somente pelo uso de novas tecnologias disruptivas mas também pela necessidade de geração de soluções inovadoras com foco na sustentabilidade na segurança na inclusão geração de renda e na responsabilidade com o nosso planeta. Nesse mundo fani (frágil ansioso não-linear e incompreensível) hiper conectado e cada vez mais acelerado torna-se urgente trabalharmos não somente com o letramento digital e tecnológico mas também com o desenvolvimento de habilidades que gerem soluções inovadoras (no sentido de geração de valor e impacto social) com foco na sustentabilidade na segurança na inclusão e na responsabilidade com o nosso planeta. Recentemente as principais universidades brasileiras sentiram a necessidade de desenvolver junto a sua comunidade acadêmica o espírito empreendedor como meio de transferir ao mercado sob forma de negócios bem-sucedidos resultados obtidos nas pesquisas tecnológicas e no conhecimento gerado em seus centros. A formatação de um programa de empreendedorismo e inovação concebido como um projeto de extensão universitária oportuniza a formação e a implementação de novos negócios capazes de impulsionar a criação e fortalecimento de pequenas e médias empresas inovadoras de base tecnológica contribuindo para o desenvolvimento socioeconômico. Regional. De acordo com a missão do programa de incentivo ao empreendedorismo e inovação (piei) da incubadora sul-fluminense do campus regional resende o presente projeto propõe desenvolver através de ações da incubadora sul fluminense um programa de empreendedorismo e inovação oportunizando formação e inserção na cultura empreendedora tanto aos alunos quanto à sociedade em geral contribuindo assim para o desenvolvimento econômico e social da região em que o nosso campus se encontra inserido.","Patricia Helena Araujo Da Silva Nogueira"
"CONSTRUINDO VÍNCULOS","No projeto buscamos nos aproximar da comunidade externa por meio de ações junto à diversas instituições filantrópicas levando os estudantes a atuarem em eventos e atividades de lazer e recreação nas próprias entidades. Outras ações derivam na organização de festas e celebrações populares que são realizadas no departamento de turismo onde são convidados a comunidade uerjiana e membros das instituições que atuamos. O contato com as diferentes instituições e os eventos externos e internos promovidos além da promoção da cidadania e da função social extensionista da uerj tem por objetivo unir a teoria e a prática de disciplinas como gestão de recursos humanos gestão de qualidade em serviços turísticos hospitalidade e ciências do lazer.","Leandro Souza Moura"
"PSICOLOGIA DO TRABALHO E ORGANIZACIONAL - O JOVEM E A INICIAÇÃO AO TRABALHO EM UMA PERSPECTIVA DA INCLUSÃO SOCIAL","O presente projeto surge no estágio em psicologia do trabalho e organizacional (spa⁄ip⁄uerj) a partir de discussões acerca do campo do trabalho das organizações e a precoce inserção do jovem no mercado de trabalho. Assim os seguintes objetivos foram definidos: - criar parceiras entre academia empresas e sociedade para realização do projeto; – propiciar o desenvolvimento pessoal e interpessoal desses jovens que facilitem o seu autoconhecimento e reflexões acerca do trabalho do mercado de trabalho e possibilidades de inclusão social; - e desenvolver estudos e pesquisas sobre o tema o jovem e a iniciação ao trabalho possibilitando definições de ações transformadoras da realidade atual. A fundamentação teórica tem como base a psicologia do trabalho e organizacional em uma perspectiva das concepções atuais desse campo( dejours 2004;zanelli borges-andrade & bastos 2014; zanelli & silva 2008) e a concepção psicossocial integrada (ayres 2012) que tem como fundamento a pesquisa-ação e os estudos sobre processos grupais. Neste sentido as seguintes etapas são percorridas: 1ª etapa - divulgação da proposta e construção de parcerias com empresas e sociedade participantes do programa – espaço de construção conjunta; 2ª etapa - levantamento das expectativas e apresentação da proposta - ajustar às demandas ""reais"" do grupo - entrevistas com empresas e participantes; 3ª etapa - desenvolvimento da proposta – grupo de desenvolvimento pessoal e interpessoal – jovens aprendizes - vivência grupal - construção de planos de ações de desenvolvimento individual; 4ª etapa - avaliação e acompanhamento - encontro de acompanhamento entrevista devolutiva e entrevista com as empresas. Nesta perspectiva o que está em pauta no presente projeto é a construção de parcerias entre academia empresa e sociedade que consolide projetos com foco na inclusão social voltados para o desenvolvimento dos profissionais das organizações e da sociedade de forma integrada e conectada.","Heloisa Helena Ferraz Ayres"
"SOLUÇÃO ESTATÍSTICA JUNIOR","O projeto sej na sua trajetória realiza parcerias com graduandos e pós-graduandos de outras instituições de ensino superior - ies conselhos regionais e empresas de médio e pequeno porte. Objetiva-se formar profissionais empreendedores e gestores nas áreas de estatística e atuaria com orientação pedagógica norteada às tecnologias sociais e de inclusão. O método tem se apoiado na interação extensão e movimento júnior que viabiliza a flexibilização curricular e indissociabilidade entre ensino pesquisa e extensão. O alvo é sensibilizar os estudantes para se integrar ao projeto para viabilizar a ação multiplicadora do aprendizado. O resultado mostra que o projeto sej desenvolve pesquisa aplicada com o uso métodos e técnicas da estatística. O efetivo aprendizado aplicado tem mostrado que a tecnologia social inerente aos projetos de extensão no ambiente acadêmico realiza-se de forma simples e com baixo custo. Tem gerado impacto social comprovado pelos ganhos adicionais na formação profissional que promove o relacionamento interpessoal e alcança o reconhecimento da comunidade pela qualidade do trabalho desenvolvido.","Jorge Luiz De Jesus Goulart"
"SERRA JÚNIOR ENGENHARIA - EMPRESA JÚNIOR IPRJ/UERJ","A serra jr engenharia empresa júnior criada em 08 de maio de 2002 é uma associação civil sem fins lucrativos formada por estudantes dos cursos de graduação em engenharia mecânica e engenharia de computação do instituto politécnico da universidade do estado do rio de janeiro (iprj/uerj). Por definição a empresa júnior tem como objetivo central o incentivo à inserção dos estudantes em práticas empresariais e de gerenciamento de projetos através da prestação de serviços de consultoria alinhados às competências técnicas dos cursos aos quais está vinculada. Tem como base a aplicação de conceitos trabalhados nas disciplinas dos cursos de engenharia do iprj nos projetos o que complementa a formação do estudante como profissional e como indivíduo social. Devido à sua natureza é uma organização que se vincula e interage continuamente com a incubadora de empresas de base tecnológica (iebtec) em ao hub de inovação do iprj. O serralab o primeiro laboratório fablab da uerj inaugurado em julho de 2024 fornece aos membros o contato com diversas áreas de conhecimento e capacitação nas áreas de automação industrial indústria 4.0 em ambiente multiusuário de trabalho e aprendizagem com o compromisso da disseminação da cultura do empreendedorismo universitário fortalecimento do movimento das empresas juniores e divulgação científica se firmando como um projeto de extensão em que a correlação ensino-pesquisa-extensão é praticada cotidianamente e promovida pelos seus membros. Dessa forma a serra jr. Se insere na sociedade como uma entidade apta a complementação da formação universitária bem como a inserção das atividades desenvolvidas dentro da universidade atendendo diretamente demandas das comunidades internas e externas a partir de prestação de serviços. A serra jr tem dado continuidade na abrangência de suas conquistas como empresa júnior e projeto de extensão atuando diretamente no ecossistema de inovação e empreendedorismo da região serrana do rio de janeiro.","Letícia Dos Santos Aguilera"
"OBSERVATÓRIO DO TRABALHO E POLÍTICAS PÚBLICAS","Um dos fundamentos do observatório do trabalho e políticas públicas (otpp) é participar do desenvolvimento científico na área das ciências sociais aplicadas na uerj e no município do rio de janeiro. Entendemos também que o otpp pode se constituir em um espaço de inserção de estudantes e de profissionais das várias áreas de estudo e extensão com conhecimentos que debatem a temática do trabalho no brasil e as políticas públicas implementadas contribuindo assim com a formação de graduandos e pós-graduandos nas ciências sociais como também pretende-se constituir como um espaço de interação entre diversos cursos de serviço social das diferentes universidades propiciando a troca a acumulação e a produção de conhecimento.","Juliana Menezes Mendes Mauricio"
"LIPE - LABORATÓRIO DE INOVAÇÃO PESQUISA E ENSINO EM ADMINISTRAÇÃO CONTABILIDADE E EMPREENDEDORISMO","A sociedade contemporânea enfrenta crises sociais econômicas e ambientais desemprego elevado e déficit de trabalho digno (ferraro et al. 2015; dinis et al. 2024). No brasil apesar da redução do desemprego para 6 2% no 4º trimestre de 2024 ainda há 6 8 milhões de desempregados e 3 milhões de desalentados (ibge 2025). Além disso avançam os desafios tecnológicos no trabalho e a carência de capacitação profissional exigindo do trabalhador desenvolvimento constante de suas competências humanas e sociais além das técnicas oferecidas pelas universidades. Em paralelo consideram-se os objetivos de desenvolvimento sustentável (odss) em especial trabalho decente redução das desigualdades e qualidade da educação e os objetivos de desenvolvimento interno - com 23 competências dos indivíduos (onu) nas 5 dimensões: ser; pensar; relacionar-se; colaborar e agir. O projeto pretende continuar contribuindo para o desenvolvimento dessas competências como: comunicação empatia gestão de conflitos a resiliência o controle do estresse a flexibilidade e a responsabilidade comprometimento social necessárias para o ingresso e permanência no mercado de trabalho (kassis e andrade 2024) sobretudo após a inclusão na nr-1 do ministério do trabalho em 2024 do cuidado com a saúde mental na gestão de riscos psicossociais no ambiente de trabalho. O projeto contribui também para inovação social e o desenvolvimento de orientação empreendedora social em um cenário em que as universidades ainda carecem de iniciativas eficazes de formação para o empreendedorismo social (de farias gomes e ramos 2023). Dado que a educação empreendedora nas universidades deve ser fortalecida por meio de liderança ensino pesquisa extensão e desenvolvimento de ecossistemas de inovação (vedana 2024) o projeto expande seu alcance para competências de liderança diversidade e inclusão procurando gerar tecnologias sociais nessas temáticas no próximo biênio que contribuam para a transformação social.","Renata Georgia Motta Kurtz"
"PETRES - PROGRAMA DE ESTUDOS DO TRABALHO E REPRODUÇÃO SOCIAL","O programa de estudos do trabalho e reprodução social – petres da faculdade de serviço social da uerj foi criado em final de 1995 tendo suas atividades retomadas em 2021 com base na articulação entre ensino pesquisa e extensão. O programa busca a produção e socialização de conhecimentos sobre as transformações contemporâneas no trabalho e no processo de reprodução social no brasil desenvolvendo estudos e pesquisas nesse campo temático promovendo eventos acadêmicos cursos e treinamentos profissionais investindo em intercâmbios publicações científicas e prestando assessoria e consultoria. As atividades do programa tem como pressuposto a interdisciplinaridade e a congregação de profissionais de serviço social e áreas afins professores-pesquisadores alunos de graduação e de pós-graduação lato-sensu e stricto-sensu da fss-uerj e de outras unidades de ensino pesquisadores docentes e estudantes externos à uerj e representantes dos trabalhadores e da sociedade civil.","Monica De Jesus Cesar"
"ARQUITETOS DO MAR","O projeto visa divulgar a importância da carpintaria naval artesanal para sobrevivência das comunidades pesqueiras por meio de trabalhos manuais com conhecimentos tecnológicos e científicos com o uso de maquinas ferramentas e equipamentos modernos diante da construção de uma embarcação de pesca modelo ‘dory’ com materiais que não agridam o meio ambiente e custo benefício para estes profissionais que fazem da pesca sua profissão. O projeto arquitetos do mar tem como objetivo promover uma política de valorização do ensino técnico profissional na área da construção naval artesanal resultando em uma melhor distribuição de renda na cadeia produtiva da construção naval artesanal de embarcações pesqueiras tendo como elemento norteador a formação e capacitação de jovens estudantes e adultos das comunidades pesqueiras do estado do rio de janeiro. Desta forma o projeto arquitetos do mar terá como tarefa além da formação técnica profissional uma formação humana voltada para a preocupação na realização das atividades de construção naval com os atores envolvidos na construção assim como com o meio ambiente em consonância com a legislação ambiental e trabalhista.","Tatiana Santos Da Cunha"
"O FUTURO DE NOVOS DESENVOLVEDORES COMEÇA AGORA","O projeto tem como objetivo principal qualificar profissionais para o setor de tecnologia da informação (ti) atendendo à crescente demanda do mercado nacional e internacional especialmente na área de desenvolvimento de sistemas para web. Voltado para alunos da rede pública de ensino médio do estado do rio de janeiro e para aqueles que buscam recolocação profissional o projeto oferece uma capacitação continuada garantindo formação técnica especializada. O curso principal da iniciativa é o desenvolvimento web fullstack dividido em dois módulos: front-end: introdução à programação html css javascript e programação de páginas web capacitando os alunos para a construção da interface de aplicações web para o usuário. Back-end: modelagem de sistemas banco de dados e programação servidor permitindo que os participantes implementem funcionalidades e conectem o sistema ao front-end (servidor). Além dos cursos o projeto inclui trilhas de conhecimento compostas por cursos de curta duração proporcionando aprendizado contínuo e alinhado às tendências do setor. Palestras oficinas e webinars também são parte fundamental da iniciativa abordando temas atuais e mantendo os alunos atualizados sobre as demandas do mercado de trabalho. A proposta busca não apenas a formação técnica mas também o desenvolvimento de uma postura crítica criativa e atualizada atendendo à crescente procura do mercado global por desenvolvedores brasileiros e contribuindo para o fortalecimento da inserção social e profissional dos participantes.","Carlos Augusto Sicsú Ayres Do Nascimento"
"PRÁTICAS DECOLONIAIS PARA O ENSINO DA LÍNGUA INGLESA","Fruto da experiência com as ações do ppacli (projeto de promoção de autonomia e competências da língua inglesa) identificado sob o número 5384 no depext o presente projeto intitulado “ práticas decoloniais para o ensino da língua inglesa” (pdeli) tem como objetivo geral organizar e fornecer em fluxo contínuo palestras oficinas e mini-cursos para professores de língua inglesa e como conseguinte alcançar especificamente dois objetivos: i) estimular uma atitude crítica diante da hegemonia do inglês; ii) promover reflexões para desconstrução de crenças acerca de uma falante ideal (ou nativo) de inglês. A proposta articula-se em dois eixos. O primeiro é o oferecimento de serviços de qualidade aos professores da língua inglesa visando à conscientização e uso da língua bem como acerca do uso de inglês como língua franca de forma crítica e decolonial (siqueira 2015; 2018; 2021; jordão 2010; 2018). O segundo visa à ampliação dos espaços de práticas docentes ofertadas a docentes da língua inglesa e à pesquisa sobre as crenças sobre o ensino e aprendizagem de língua inglesa (barcelos 2001; silva 2005) na uerj. Dessa forma o projeto buscará cooperar para a conscientização de práticas decoloniais do professor de língua inglesa por meio de ações pedagógicas que possibilitem o desenvolvimento das competências decisórias motivacionais e sociais (cf. Silva 2014) em encontros ministrados por professores participantes que apresentarão atividades com traços decoloniais orientados pela perspectiva da língua como atividade de interação social e produção de discurso (bakhtin; volochínov 2006); dos gêneros discursivos orais (rojo; schneuwly 2010) e dos pressupostos acerca da zona de conforto (colombo gomes 2006 2018 2022). O projeto contará com a participação de dois estagiários de extensão dois estagiários de ic e cinco prodocentes do projeto multiculturalidade e multiletramentos críticos no ensino de inglês para crianças do curso de letras.","Gysele Da Silva Colombo Gomes"
"ASSESSORIA EM SERVIÇO SOCIAL: DISCUTINDO O TRABALHO PROFISSIONAL","O projeto de extensão ""assessoria em serviço social: discutindo o trabalho profissional"" justifica-se pela necessidade de desenvolvermos ações que levem à efetiva materialização da indissolúvel relação entre o ensino a pesquisa e a extensão. Isso significa considerarmos que ao pesquisador não cabe apenas a constatação dos fatos sociais mas o seu desvendamento e a responsabilidade de contribuir caso necessário para sua alteração. Este projeto surgiu de necessidades concretas que captamos por meio do contato com os assistentes sociais da secretaria de administração penitenciária – seap – sujeitos da pesquisa ""ética direitos trabalho e serviços social: um estudo no sistema penal"" que expressaram a preocupação/solicitação de acesso à qualificação profissional continuada. Em especial essa preocupação/solicitação apareceu nas entrevistas realizadas durante a pesquisa mas também durante o curso de extensão intitulado “temas sobre formação e exercício profissionais: a questão da materialização do atual projeto ético-político do serviço social brasileiro”. Dessa maneira o interesse dos referidos profissionais em aprimorarem-se tanto para a análise quanto para a intervenção na realidade e para a sistematização da prática favorecendo um desenvolvimento teórico-prático mais qualificado no sistema penal foi o que suscitou e tornou essa proposta de assessoria relevante. Cabe no entanto salientar que atualmente o projeto tem absorvido maior número de estudantes e profissionais (além dos da seap) atingindo profissionais discentes e estagiários/as de outros âmbitos das políticas sociais. Pode até ser dito que atingiu um alcance nacional uma vez que houve tal solicitação e pudemos (e poderemos) recorrer a atividades online.","Valeria Lucilia Forti"
"CARTOGRAFIA DA AÇÃO SOCIAL E DIGITALIZAÇÃO DO TERRITÓRIO: MUNDO DO TRABALHO E DIREITO À CIDADE","Articular atividades de ensino pesquisa e extensão em torno da reflexão e análise da digitalização do espaço geográfico enquanto conjunto indissociável de materialidades animadas por ações portadoras de determinados sentidos – exploração cooperação ou resistência – a partir de três frentes: (i) trabalhos de campo e atuação junto a movimentos e organização do mundo do trabalho na luta pelo direito à cidade aos usos do território e ao reconhecimento enquanto trabalhadores e trabalhadoras selecionados na metrópole fluminense e tendo por eixo a digitalização do espaço objetivando compreender e problematizar suas pautas e sentidos da ação; (ii) levantamento da presença e usos de infraestruturas e materialidades necessárias à digitalização implicadas nos processos de trabalho de produção do espaço urbano e de organização e luta política do mundo do trabalho; e (iii) realização de atividades de cartografia da ação social junto ao movimento unificado dos camelôs (muca) e ao movimento dos trabalhadores sem direitos no centro do rio de janeiro em torno do centro de referência dos trabalhadores ambulantes (crta).","Luis Henrique Leandro Ribeiro"
"PROMOVENDO REFLEXÕES SOBRE O MUNDO DO TRABALHO NO CAPITALISMO DEPENDENTE: A SITUAÇÃO DAS PROFISSIONAIS DO SERVIÇO SOCIAL E DA ENFERMAGEM","O projeto busca propiciar espaços de diálogo e reflexão com profissionais e estudantes de enfermagem e serviço social sobre as peculiaridades do mundo do trabalho em um país dependente como o brasil. O marco teórico se fundamenta na teoria marxista da dependência (tmd) que procura investigar desde um ponto de vista crítico as tendências particulares que se desenvolvem em formações sociais do capitalismo dependente. A tmd destaca a transferência de valor de países periféricos para nações do capitalismo central como um dos principais mecanismos da dependência tendência que conduz à superexploração da força de trabalho como forma de compensar a perda de riqueza. Caracterizada como pagamento pelo trabalho abaixo do seu valor prolongamento da jornada e aumento da intensidade do trabalho além de limites normais a superexploração provoca o desgaste prematuro de trabalhadoras e trabalhadores. O público alvo do projeto é constituído por profissionais e estudantes de duas categorias integradas em maior medida por mulheres negras que vêm sofrendo esse tipo de condições de trabalho precárias. O projeto pretende estimular a reflexão e o pensamento crítico sobre a superexploração da força de trabalho e desvelar os impactos da precarização nas categorias profissionais elencadas oferecendo uma análise concreta das características e complexidades do capitalismo dependente no país. Nesse sentido propõe ações de extensão de natureza diversa como realização de oficinas produção de material didático organização de eventos e publicação em meios de divulgação científica.","Valentina Sofia Suarez Baldo"
"DESENVOLVIMENTO SUSTENTÁVEL INOVAÇÃO TRABALHO HUMANO E EXPERIÊNCIA","Em geral os projetos de engenharia de produção se organizam de modo prescritivo e os seus resultados estabelecem políticas processos normas técnicas manuais especificações arranjos físicos procedimentos instruções e planos sobre o trabalho. Embora estruturantes da ação de trabalhar quando confrontados aos contextos reais de execução estes artefatos enfrentam barreiras no uso na instrumentalização e na apropriação pelos trabalhadores. Em ambientes altamente dinâmicos e marcados por alto grau de diversidade variabilidade e incerteza os entraves podem ser quase intransponíveis. Nessas conjunturas o permanente diálogo com a realidade mobiliza a inteligência da tarefa a improvisação criativa e a criatividade do agir. Porém para que os trabalhadores apliquem seus múltiplos saberes é preciso projetar o trabalho e os mecanismos de ação viabilizando a gestão dos diversos tipos e formas de ocorrência de variabilidades. Essa assunção subverte a lógica da abordagem tradicional de projetos essencialmente descendente (top-down) em que as opções técnicas e os fluxos são definidos a partir da fixação de objetivos de produtividade e de investimentos financeiros. Nessa perspectiva o trabalho é variável de ajuste e para alcançar os resultados os trabalhadores empreendem regulações que lhe impõem um custo humano. é necessário estabelecer um compromisso viável entre produtividade lucratividade e condições dignas e decentes de trabalho no desenvolvimento e no aperfeiçoamento das soluções de gestão e de projeto. Para isso o trabalho humano deve ser objeto projetual. Assim será possível produzir transformações estruturais e sistêmicas que se refletirão em inovação e sustentabilidade no âmbito do trabalho.","Patricia Gomes Ferreira Da Costa"
"A COR DO CUIDADO: TRABALHO DE CUIDADO E DOMÉSTICO NÃO REMUNERADO NO BRASIL","Cuidado é ontológico ao ser social é a base invisibilizada e constitutiva de toda a sociedade em diferentes estágios da vida o ser humano necessita de cuidados contudo quando é privatizado e delegado sua provisão principalmente a esfera familiar o mercado torna-se o principal regulador da oferta de serviços de cuidado sendo que quem possui recursos consegue ter suporte para esta provisão e quem não possui precisa prover esses cuidados isto gera e perpetua desigualdades. No brasil o cuidado além de ser familiarizado feminizado e mercantilizado é sobretudo racializado (pereira e ribeiro 2022) a formação sócio-histórica baseada nas raízes escravocratas agudizam as desigualdades e coloca a racialidade como elemento estruturante para a compreensão do trabalho de cuidado e doméstico no brasil. A política nacional dos cuidados aprovada em dezembro de 2024 é um marco na sociedade brasileira colocando cuidados na agenda pública e o posicionando conceitualmente no debate. Nesse sentido o projeto de extensão objetiva fortalecer a política nacional de cuidados através do processo formativo acerca da organização social e política dos cuidados a partir da intersecção de raça gênero classe gerações e território com centralidade no trabalho de cuidado e doméstico não remunerado fomentando análises e debates essenciais para a consolidação da agenda pública interseccional de cuidados no brasil. Ao final do projeto espera-se que haja a compreensão interseccional acerca da política nacional dos cuidados no brasil o aprimoramento técnico nesta temática a fim de contribuir para qualificar a atuação em situações cotidianas de trabalho que envolvem tal discussão e a ampliação dos debates interseccionais do cuidado na agenda pública. O projeto de extensão constitui-se em investimento institucional a favor da igualdade racial e de gênero entre os sujeitos na provisão distribuição e usufruto dos cuidados no brasil.","Thamires Da Silva Ribeiro"
"OBSERVATÓRIO DE ENGENHARIA DO TRABALHO E SUSTENTABILIDADE","O projeto consiste em implementar o observatório de engenharia do trabalho e sustentabilidade – oets na faculdade de tecnologia que abrange a região do médio paraíba do estado do rj. Alinhado com a prioridade neoindustrialização trabalho emprego e renda – plano plurianual 2024-2027 com o programa 2310 – promoção do trabalho decente emprego e renda com foco em promover e garantir segurança e saúde no trabalho diálogo social inclusão acessibilidade e equidade no mundo do trabalho. A promoção de um ambiente de trabalho seguro e saudável envolve a prevenção de acidentes e adoecimentos laborais além do combate a práticas prejudiciais e ilegais como o trabalho infantil e a submissão do trabalhador a condições análogas à escravidão. A prevenção de acidentes e adoecimentos impacta diretamente na redução de custos previdenciários e empresariais trabalhistas enquanto o combate às práticas prejudiciais e ilegais reforça a dignidade do trabalhador e evita restrições comerciais. O atendimento às normas de segurança e saúde no trabalho previne acidentes e doenças do trabalho eventos indesejados que geram uma série de repercussões negativas para os trabalhadores maiores vítimas aos empregadores e ao brasil como um todo tendo em vista seu impacto sobre a produtividade da economia. Neste sentido o projeto irá coletar e tratar dados sobre saúde e segurança do trabalho da região do médio paraíba no sentido de auxiliar projetos ações e indicadores para políticas públicas direcionadas ao atendimento às normas de segurança e saúde no trabalho além dos objetivos de desenvolvimento sustentável 4 8 e 10.","Bernardo Bastos Da Fonseca"
"TRAJETÓRIAS CONTEMPORÂNEAS DO TRABALHO E DA FAMÍLIA: ETNOGRAFIAS IMAGENS E ENCONTROS DO NÚCLEO DE ESTUDO DO TRABALHO","Esse projeto é um desdobramento do plano de trabalho de pesquisa ensino e extensão que venho desenvolvendo no ppcis da uerj desde 2023 intitulado “trabalho e família: identidade e sociabilidade em tempos de precariedade” com intuito de criar e estabelecer o núcleo de estudos do trabalho para desenvolvimento de pesquisas projetos eventos e parcerias que contemplem a área temática bem como temas tangenciais como gênero raça classe desigualdade etc. Nesse primeiro ano ele converge conhecimentos adquiridos tanto no projeto de extensão que coordenei anteriormente intitulado ""ferramentas audiovisuais para o ensino remoto(...)"" para o inarra-cnpq/uerj quanto de projetos parceiros como o “observatório vitae” coordenado pela prof. Raquel emerique; do grupo de estudos da família contemporânea coordenado pela prof. Waleska aureliano e a rede latino-americana de antropologia do trabalho. A partir de narrativas espontâneas de alunos sobre si e sobre as trajetórias profissionais de familiares responsáveis por eles em salas de aula surgiu o interesse de registrar os estudantes falando sobre suas vidas com o objetivo de publicá-las online em formato de vídeos ou áudios curtos relatando as suas trajetórias. O intuito é apresentar para sociedade civil movimentos sociais políticos e gestores quem são os estudantes das ciências sociais (cs) da uerj suas trajetórias educacionais e profissionais (quando houver) bem como o relato sobre aqueles que influenciaram na entrada em uma universidade pública. No entanto em função da crise sanitária e consequente insegurança desemprego e trabalhos precarizados os desafios para permanência na universidade tornaram-se ainda maiores e só são possíveis em função das políticas e ações voltadas para permanência estudantil. Assim além de reforçar a importância dessas ações o projeto incentiva a criação de estratégias e inovações para que eles realizem suas trajetórias acadêmicas e profissionais longe da precariedade e informalidade.","Aline Gama De Almeida"
"NÚCLEO WIN BRAZIL UERJ","O projeto núcleo win brazil uerj tem como objetivo fomentar o protagonismo feminino nas áreas de stem promovendo a diversidade de gênero e contribuindo para a construção de ambientes acadêmicos e profissionais mais inclusivos. Alinhado à missão global do women in energy (win) e da society of petroleum engineers (spe) o projeto atua no contexto universitário com ações extensionistas que integram formação cidadã desenvolvimento técnico e apoio emocional. As atividades se fundamentam na necessidade de enfrentar a sub-representação feminina no setor de óleo e gás oferecendo treinamentos mentorias eventos de visibilidade e espaços de escuta e apoio. O público-alvo é composto por estudantes de graduação e pós-graduação da uerj especialmente mulheres das engenharias geociências e áreas afins além de jovens do ensino básico impactados por programas educacionais como o energy4me. A metodologia envolve a realização de eventos diversos palestras oficinas rodas de conversa e parcerias com a indústria com avaliação contínua por meio de feedbacks e monitoramento da participação. Espera-se ampliar o engajamento feminino em stem fortalecer redes de apoio e inspirar novas gerações a atuarem como líderes em um setor mais justo e representativo.","Livia Flavia Carletti Jatobá"
"SERVIÇO SOCIAL NA SAÚDE MENTAL: DE DONA IVONE LARA AO TRABALHO NA REDE DE ATENÇÃO PSICOSSOCIAL (RAPS)","O projeto de extensão visa promover assessoria debates interdisciplinares e atividades culturais acerca do trabalho dos assistentes socais no campo da saúde mental buscando promover a compreensão crítica dos saberes e práticas na produção do cuidado psicosocial . A proposta extensionista faz interfaces no ensino com a disciplina de estágio em saúde mental (fss-uerj) e com a residencia multiprofissional em saúde mental (uerj). Em relação a pesquisa vincula-se ao projeto interinstitucional “dona ivone lara na passarela da saúde mental “ . A extensão em saúde mental na formação profissional será uma relevante estratégia de aproximação da universidade ao trabalho da rede atenção psicossocial (raps) do município do rio de janeiro possibilitando assim superar as lacunas existente entre a universidade e o campo de prática. A rede atenção psicossocial é uma política pública do ministério da saúde delimita um campo de saberes e práticas atravessado por um ideário ético-político substitutivo ao da psiquiatria hospitalocêntrica e medicocentrada subordinada ideologicamente mas ainda dominante nas práticas cotidianas (costa-rosa 2013)..","Graziela Scheffer Machado"
"MAPEAMENTO DE PROCESSOS E GESTÃO DO CONHECIMENTO NA UERJ","A universidade do estado do rio de janeiro (uerj) carece de uma cultura consolidada de mapeamento de processos e gestão do conhecimento fundamentais para a eficiência organizacional. Este projeto visa implementar práticas de mapeamento de processos nas diversas áreas da uerj promovendo uma cultura de gestão do conhecimento. Serão capacitados servidores e selecionados bolsistas das áreas de administração engenharia tecnologia da informação e psicologia interessados em se especializar no tema. Os bolsistas auxiliarão no mapeamento dos processos elaboração de materiais didáticos e realização de treinamentos atuando como multiplicadores do conhecimento. Espera-se que ao final de 24 meses a uerj possua processos mapeados e uma cultura fortalecida de gestão do conhecimento contribuindo para a melhoria contínua e eficiência institucional.","Vanessa Silva Perez"
"SERVIÇO SOCIAL PRODUZINDO COLETIVOS FORMATIVOS - EDUCAÇÃO PERMANENTE E POPULAR VIA EXTENSÃO UNIVERSITÁRIA","O projeto propõe a formulação de iniciativas coletivos a partir de ferramentas de assessoria técnica em serviço social. As propostas de assessoria têm como objetivo construir projetos específicos no âmbito das instituições assessoradas contribuindo para a produção de instrumentais técnicos e para a construção de abordagens individuais e coletivas em diálogo com os movimentos sociais priorizando metodologias de educação popular.A proposta do projeto é ampliar as potencialidades do trabalho profissional de assistentes sociais com usuários grupos famílias e movimentos sociais por meio da troca permanente entre profissionais assessorados o corpo docente da faculdade de serviço social movimentos sociais usuários e estudantes de graduação atuando como extensionistas. Ao se realizar o projeto se identifica com os objetivos dos processos de trabalho coletivo nos quais os assistentes sociais estão inseridos estimulando a necessária atuação interdisciplinar e interinstitucional. No entanto propõe também ultrapassar os limites impostos pelas requisições institucionais obrigatória nos espaços sócio-ocupacionais.Por meio deste projeto busca-se o aprofundamento das relações entre universidade e sociedade com o aprimoramento dos processos de trabalho a criação de possibilidades de alteração das correlações de força internas nas instituições e a qualificação de trabalhadores e usuários. Isso se dá pela incorporação de princípios da educação popular entendida como uma perspectiva pedagógica que vai além de metodologias de ensino tradicionais assumindo-se como um projeto a serviço das classes exploradas e comprometido com a defesa da plena emancipação.O projeto estimula a participação de usuárias e usuários dos serviços onde atuam assistentes sociais bem como de movimentos sociais presentes nos territórios na construção de estratégias coletivas fortalecendo sua capacidade de incidência nas diferentes políticas sociais onde estão inseridos.","Jose Rodolfo Santos Da Silveira"
"SAÚDE E SEGURANÇA DO TRABALHO NO POLO AUTOMOTIVO SUL FLUMINENSE","O projeto consiste na ampliação e registro das atividades da fat/uerj junto ao cluster automotivo sul fluminense (entidade apoiada pela firjan que reúne empresa montadoras e fornecedores da indústria automotiva do estado do rj). Atualmente dois docentes da fat fazem parte da comissão de saúde e segurança do trabalho. Essa comissão se reúne mensalmente para discussão sobre boas práticas eventos e projetos na área de saúde e segurança do trabalho. Neste sentido a uerj vem contribuir através de seus docentes com conhecimento e pesquisa além atuar em conjunto com representantes das empresas em projetos realização de eventos e estudos.","Bernardo Bastos Da Fonseca"
"MUHAPPY: PLATAFORMA COLABORATIVA PARA INCLUSÃO FEMININA EM STEM E EMPREENDEDORISMO","O muhappy é uma plataforma colaborativa que conecta instituições de ensino interessadas em disponibilizar cursos empresas que desejam integrar o projeto aos seus programas de esg ( environmental social & corporate governance) cientistas e empreendedoras em situação de vulnerabilidade além de voluntárias dispostas a oferecer mentorias e compartilhar suas experiências com a rede. Dessa forma as empresas ganham acesso a profissionais qualificadas e capacitadas enquanto as participantes não apenas ampliam seus conhecimentos mas também conquistam oportunidades de inserção no mercado de trabalho","Maria Iaponeide Fernandes Macedo"
"TRANSFORMAÇÕES: PARA AMPLIAR O PODER DE AGIR EM SAÚDE NO TRABALHO","Este projeto coaduna diversas experiências de ensino pesquisa e intervenção em torno das relações entre o trabalho processos de subjetivação e a saúde das/os que trabalham. Tem por objetivo impulsionar a constituição de um núcleo de estudos formação pesquisas e intervenções para a realização de parcerias com organizações governamentais e não governamentais públicas e privadas sobre a temática trabalho e saúde envolvendo alunos da graduação e da pós-graduação. A proposta tem como principal referencial as clínicas do trabalho com destaque à clínica da atividade. As organizações nas quais se desenvolverão as ações extensionistas são em um primeiro momento organizações públicas parceiras em projetos em andamento no grupo de pesquisa em políticas públicas trabalho e saúde mental que coordeno na pós-graduação. O público atendido diretamente com a ação extensionista além dos estudantes da graduação e da pós é o corpo de trabalho das organizações envolvidas sendo que as intervenções podem ser dirigidas a uma categoria profissional ou inserção de trabalho específica. Esperamos entre os resultados da constituição deste núcleo: maior integração entre atividades de ensino formação pesquisa e extensão sobre saúde e trabalho; ancoragem da aprendizagem no contexto social com melhores recursos para o processo ensino-aprendizagem de um agir profissional realmente transformador das situações degradantes de trabalho; levar ao conhecimento e proveito da sociedade uma perspectiva de ação pouco conhecida entre aqueles que demandam o trabalho do psicólogo; maior visibilidade e conhecimento sobre esta perspectiva por parte daquelas pessoas nas organizações que têm o poder de decisão e que estejam interessadas em ampliar seu poder de agir em prol da saúde em seu contexto de trabalho.","Katia Maria Teixeira Santorum"
"GESTÃO DEMOCRÁTICA TECNOLOGIA E INOVAÇÃO","O centro de ciências sociais congrega as faculdades de administração e finanças (faf) ciências econômicas (fce) direito (dir) e serviço social (fss) e os institutos de ciências sociais (ics) estudos sociais e políticos (iesp) e filosofia e ciências humanas (ifch) que engloba os cursos de história filosofia relações internacionais e arqueologia. Além de coordenar as unidades acadêmicas o ccs tem um conjunto de programas de estudos que abordam temáticas importantes da realidade social. Possui também um periódico quadrimestral a (syn)thesis orientado para a divulgação de trabalhos científicos relacionados à área das ciências sociais e humanas: administração antropologia arqueologia ciência política ciências contábeis ciências econômicas direito filosofia história relações internacionais serviço social e sociologia bem como as derivadas de suas relações interdisciplinares. O projeto tem por objetivo dar suporte à atuação do centro de ciências sociais buscando desenvolver atividades que atendam as comunidades interna e externa abrangidas pelas unidades programas e projetos vinculados ao centro com ênfase no desenvolvimento de práticas inovadoras de gestão que estimulem a participação da comunidade o uso de novas tecnologias o aumento da eficiência e da qualidade da gestão.","Renato Dos Santos Veloso"
